Thuật toán,Accuracy,Precision,Recall,F1-Score
Naive Bayes,0.8482185844968705,0.9349017080244925,0.8713019972968914,0.9019821220365333
Random Forest,0.9309099662975445,0.9747230457169606,0.9381288481754018,0.9560759106213652
